pin,signal
PA0,TIM2_CH1
PA0,TIM2_ETR
PA0,TIM8_BKIN
PA0,TIM8_ETR
PA1,TIM15_CH1N
PA1,TIM2_CH2
PA10,TIM17_BKIN
PA10,TIM1_CH3
PA10,TIM2_CH4
PA10,TIM8_BKIN
PA11,TIM1_BKIN2
PA11,TIM1_CH1N
PA11,TIM1_CH4
PA11,TIM4_CH1
PA12,TIM16_CH1
PA12,TIM1_CH2N
PA12,TIM1_ETR
PA12,TIM4_CH2
PA13,TIM16_CH1N
PA13,TIM4_CH3
PA14,TIM1_BKIN
PA14,TIM8_CH2
PA15,TIM1_BKIN
PA15,TIM2_CH1
PA15,TIM2_ETR
PA15,TIM8_CH1
PA2,TIM15_CH1
PA2,TIM2_CH3
PA3,TIM15_CH2
PA3,TIM2_CH4
PA4,TIM3_CH2
PA5,TIM2_CH1
PA5,TIM2_ETR
PA6,TIM16_CH1
PA6,TIM1_BKIN
PA6,TIM3_CH1
PA6,TIM8_BKIN
PA7,TIM17_CH1
PA7,TIM1_CH1N
PA7,TIM3_CH2
PA7,TIM8_CH1N
PA8,TIM1_CH1
PA8,TIM4_ETR
PA9,TIM15_BKIN
PA9,TIM1_CH2
PA9,TIM2_CH3
PB0,TIM1_CH2N
PB0,TIM3_CH3
PB0,TIM8_CH2N
PB1,TIM1_CH3N
PB1,TIM3_CH4
PB1,TIM8_CH3N
PB10,TIM1_BKIN
PB10,TIM2_CH3
PB11,TIM2_CH4
PB12,TIM1_BKIN
PB13,TIM1_CH1N
PB14,TIM15_CH1
PB14,TIM1_CH2N
PB15,TIM15_CH1N
PB15,TIM15_CH2
PB15,TIM1_CH3N
PB3,TIM2_CH2
PB3,TIM3_ETR
PB3,TIM4_ETR
PB3,TIM8_CH1N
PB4,TIM16_CH1
PB4,TIM17_BKIN
PB4,TIM3_CH1
PB4,TIM8_CH2N
PB5,TIM16_BKIN
PB5,TIM17_CH1
PB5,TIM3_CH2
PB5,TIM8_CH3N
PB6,TIM16_CH1N
PB6,TIM4_CH1
PB6,TIM8_BKIN2
PB6,TIM8_CH1
PB6,TIM8_ETR
PB7,TIM17_CH1N
PB7,TIM3_CH4
PB7,TIM4_CH2
PB7,TIM8_BKIN
PB9,TIM17_CH1
PB9,TIM1_CH3N
PB9,TIM4_CH4
PB9,TIM8_CH3
PC0,TIM1_CH1
PC1,TIM1_CH2
PC10,TIM8_CH1N
PC11,TIM8_CH2N
PC12,TIM8_CH3N
PC13,TIM1_BKIN
PC13,TIM1_CH1N
PC13,TIM8_CH4N
PC2,TIM1_CH3
PC3,TIM1_BKIN2
PC3,TIM1_CH4
PC4,TIM1_ETR
PC5,TIM15_BKIN
PC5,TIM1_CH4N
PC6,TIM3_CH1
PC6,TIM8_CH1
PC7,TIM3_CH2
PC7,TIM8_CH2
PC8,TIM3_CH3
PC8,TIM8_CH3
PC9,TIM3_CH4
PC9,TIM8_BKIN2
PC9,TIM8_CH4
PD2,TIM3_ETR
PD2,TIM8_BKIN
